<?xml version="1.0" encoding="UTF-8"?>
<project-private xmlns="http://www.netbeans.org/ns/project-private/1">
    <editor-bookmarks xmlns="http://www.netbeans.org/ns/editor-bookmarks/2" lastBookmarkId="0"/>
    <open-files xmlns="http://www.netbeans.org/ns/projectui-open-files/2">
        <group>
            <file>file:/C:/Users/JP/Documents/NetBeansProjects/PrograII/web/js/script.js</file>
            <file>file:/C:/Users/JP/Documents/NetBeansProjects/PrograII/src/java/NewServlet.java</file>
            <file>file:/C:/Users/JP/Documents/NetBeansProjects/PrograII/src/java/Clases/AlumnoController.java</file>
            <file>file:/C:/Users/JP/Documents/NetBeansProjects/PrograII/src/java/Clases/ConexionBaseDeDatos.java</file>
            <file>file:/C:/Users/JP/Documents/NetBeansProjects/PrograII/web/index.html</file>
            <file>file:/C:/Users/JP/Documents/NetBeansProjects/PrograII/nbproject/build-impl.xml</file>
        </group>
    </open-files>
</project-private>
