<?xml version="1.0" encoding="UTF-8"?>
<project-private xmlns="http://www.netbeans.org/ns/project-private/1">
    <editor-bookmarks xmlns="http://www.netbeans.org/ns/editor-bookmarks/2" lastBookmarkId="0"/>
    <open-files xmlns="http://www.netbeans.org/ns/projectui-open-files/2">
        <group>
            <file>file:/C:/Users/ramir/Desktop/Proyecto/Proyecto_Grupo3/Transportes_Ultrarrapidos/src/java/Class/Entry.java</file>
            <file>file:/C:/Users/ramir/Desktop/Proyecto/Proyecto_Grupo3/Transportes_Ultrarrapidos/src/java/UserController.java</file>
            <file>file:/C:/Users/ramir/Desktop/Proyecto/Proyecto_Grupo3/Transportes_Ultrarrapidos/web/js/script.js</file>
            <file>file:/C:/Users/ramir/Desktop/Proyecto/Proyecto_Grupo3/Transportes_Ultrarrapidos/src/java/Class/EntryArray.java</file>
        </group>
    </open-files>
</project-private>
